x1,x2,weight,radius,rng_seed,kind,sigma_factor,sigma,shell_thickness,inner_radius,outer_radius
3.17019,3.70383,10.88359,0.4865806066261149,128000,gaussian,0.5,0.24329030331305745,0.2,,
9.29313,3.38941,1.83493,0.19979216803030136,128000,gaussian,0.5,0.09989608401515068,0.2,,
2.36051,4.13607,8.549109999999999,0.43125005313635084,128000,ball,0.5,,0.2,,
5.97577,4.86789,5.18797,0.3359444239964271,128000,ball,0.5,,0.2,,
8.27979,2.47103,4.2491900000000005,0.304033741750409,128000,gaussian,0.5,0.1520168708752045,0.2,,
