x1,x2,x3,weight,radius,rng_seed,kind,sigma_factor,sigma,shell_thickness,inner_radius,outer_radius
3.17019,3.70383,3.38941,10.88359,0.8610760423761469,288000,ball,0.5,,0.2,,
9.29313,3.38941,4.13607,1.83493,0.3535616648147128,288000,gaussian,0.5,0.1767808324073564,0.2,,
2.36051,4.13607,4.86789,8.549109999999999,0.7631604794197775,288000,gaussian,0.5,0.38158023970988875,0.2,,
5.97577,4.86789,2.47103,5.18797,0.5945031329525503,288000,shell,0.5,,0.2,0.47560250636204027,0.5945031329525503
8.27979,2.47103,4.34381,4.2491900000000005,0.5380324812172713,288000,gaussian,0.5,0.26901624060863566,0.2,,
