x1,x2,x3,x4,x5,weight,radius,rng_seed,kind,sigma_factor,sigma,shell_thickness,inner_radius,outer_radius
2.11346,2.46922,5.59294,2.75738,3.24526,7.58906,1.6823504932449813,253125,gaussian,0.5,0.8411752466224907,0.2,,
6.19542,5.59294,2.75738,3.24526,8.31402,1.5566200000000001,0.7619277473113147,253125,shell,0.5,,0.2,0.6095421978490518,0.7619277473113147
8.24034,2.75738,3.24526,8.31402,9.56254,6.03274,1.499960390659097,253125,gaussian,0.5,0.7499801953295485,0.2,,
7.31718,3.24526,8.31402,9.56254,8.25658,3.79198,1.1892016569562383,253125,ball,0.5,,0.2,,
5.51986,8.31402,9.56254,8.25658,0.36366,6.499460000000001,1.556901454097524,253125,shell,0.5,,0.2,1.2455211632780192,1.556901454097524
