x1,x2,x3,x4,x5,weight,radius,rng_seed,kind,sigma_factor,sigma,shell_thickness,inner_radius,outer_radius
5.28365,6.17305,8.98235,6.89345,8.11315,17.47265,2.0077063665516635,4050000,ball,0.5,,0.2,,
5.48855,8.98235,6.89345,8.11315,0.78505,2.39155,0.7427805789066221,4050000,ball,0.5,,0.2,,
0.60085,6.89345,8.11315,0.78505,3.90635,3.58185,0.9090222315720653,4050000,ball,0.5,,0.2,,
3.29295,8.11315,0.78505,3.90635,0.64145,7.9799500000000005,1.356815800770615,4050000,ball,0.5,,0.2,,
3.79965,0.78505,3.90635,0.64145,0.90915,9.74865,1.499660824674421,4050000,ball,0.5,,0.2,,
