x1,x2,x3,x4,x5,weight,radius,rng_seed,kind,sigma_factor,sigma,shell_thickness,inner_radius,outer_radius
3.17019,3.70383,3.38941,4.13607,4.86789,10.88359,1.7897161427732924,800000,ball,0.5,,0.2,,
9.29313,3.38941,4.13607,4.86789,2.47103,1.83493,0.7348654332996459,800000,gaussian,0.5,0.36743271664982297,0.2,,
2.36051,4.13607,4.86789,2.47103,4.34381,8.549109999999999,1.5862021033300746,800000,shell,0.5,,0.2,1.2689616826640597,1.5862021033300746
5.97577,4.86789,2.47103,4.34381,2.38487,5.18797,1.2356537653032142,800000,gaussian,0.5,0.6178268826516071,0.2,,
8.27979,2.47103,4.34381,2.38487,0.54549,4.2491900000000005,1.1182815100902328,800000,ball,0.5,,0.2,,
