x1,x2,x3,weight,radius,rng_seed,kind,sigma_factor,sigma,shell_thickness,inner_radius,outer_radius
2.11346,2.46922,5.59294,7.58906,1.8859119475081687,91125,shell,0.5,,0.2,1.508729558006535,1.8859119475081687
6.19542,5.59294,2.75738,1.5566200000000001,0.8541196662419559,91125,shell,0.5,,0.2,0.6832957329935647,0.8541196662419559
8.24034,2.75738,3.24526,6.03274,1.6814529629178088,91125,shell,0.5,,0.2,1.345162370334247,1.6814529629178088
7.31718,3.24526,8.31402,3.79198,1.3330929683531154,91125,gaussian,0.5,0.6665464841765577,0.2,,
5.51986,8.31402,9.56254,6.499460000000001,1.7452837950027567,91125,shell,0.5,,0.2,1.3962270360022053,1.7452837950027567
