x1,x2,weight,radius,rng_seed,kind,sigma_factor,sigma,shell_thickness,inner_radius,outer_radius
1.05673,1.23461,4.29453,1.3263682381010256,8000,ball,0.5,,0.2,,
3.09771,7.79647,1.27831,0.7236430346515498,8000,shell,0.5,,0.2,0.5789144277212398,0.7236430346515498
4.12017,1.37869,3.51637,1.2001998720696807,8000,shell,0.5,,0.2,0.9601598976557446,1.2001998720696807
8.65859,1.62263,2.3959900000000003,0.9907151256708573,8000,gaussian,0.5,0.49535756283542864,0.2,,
2.75993,4.15701,8.74973,1.8932310516782536,8000,gaussian,0.5,0.9466155258391268,0.2,,
