x1,x2,weight,radius,rng_seed,kind,sigma_factor,sigma,shell_thickness,inner_radius,outer_radius
4.22692,4.93844,14.17812,0.9543356524727059,312500,shell,0.5,,0.2,0.7634685219781647,0.9543356524727059
2.39084,1.18588,2.1132400000000002,0.36843954394469186,312500,ball,0.5,,0.2,,
6.48068,5.51476,1.06548,0.26161610518728157,312500,shell,0.5,,0.2,0.20929288414982528,0.26161610518728157
4.63436,6.49052,6.58396,0.6503324378188678,312500,gaussian,0.5,0.3251662189094339,0.2,,
1.03972,6.62804,1.99892,0.35833524912986325,312500,ball,0.5,,0.2,,
