x1,x2,weight,radius,rng_seed,kind,sigma_factor,sigma,shell_thickness,inner_radius,outer_radius
2.11346,2.46922,7.58906,0.6532250172935679,40500,shell,0.5,,0.2,0.5225800138348543,0.6532250172935679
6.19542,5.59294,1.5566200000000001,0.2958421969216892,40500,gaussian,0.5,0.1479210984608446,0.2,,
8.24034,2.75738,6.03274,0.5824063749272945,40500,gaussian,0.5,0.29120318746364726,0.2,,
7.31718,3.24526,3.79198,0.46174461032339675,40500,shell,0.5,,0.2,0.36939568825871744,0.46174461032339675
5.51986,8.31402,6.499460000000001,0.6045155176407946,40500,ball,0.5,,0.2,,
