x1,x2,x3,weight,radius,rng_seed,kind,sigma_factor,sigma,shell_thickness,inner_radius,outer_radius
4.22692,4.93844,1.18588,14.17812,2.3136389136948283,703125,ball,0.5,,0.2,,
2.39084,1.18588,5.51476,2.1132400000000002,0.8932245840399372,703125,shell,0.5,,0.2,0.7145796672319498,0.8932245840399372
6.48068,5.51476,6.49052,1.06548,0.6342477092229196,703125,ball,0.5,,0.2,,
4.63436,6.49052,6.62804,6.58396,1.5766302255157416,703125,gaussian,0.5,0.7883151127578708,0.2,,
1.03972,6.62804,9.12508,1.99892,0.868728286936858,703125,gaussian,0.5,0.434364143468429,0.2,,
