x1,x2,x3,x4,x5,weight,radius,rng_seed,kind,sigma_factor,sigma,shell_thickness,inner_radius,outer_radius
1.05673,1.23461,7.79647,1.37869,1.62263,4.29453,1.4198508729241637,50000,ball,0.5,,0.2,,
3.09771,7.79647,1.37869,1.62263,4.15701,1.27831,0.7746455056150363,50000,ball,0.5,,0.2,,
4.12017,1.37869,1.62263,4.15701,4.78127,3.51637,1.2847901412969518,50000,shell,0.5,,0.2,1.0278321130375614,1.2847901412969518
8.65859,1.62263,4.15701,4.78127,4.12829,2.3959900000000003,1.0605408781628238,50000,gaussian,0.5,0.5302704390814119,0.2,,
2.75993,4.15701,4.78127,4.12829,0.18183,8.74973,2.0266662636773387,50000,gaussian,0.5,1.0133331318386694,0.2,,
