x1,x2,x3,weight,radius,rng_seed,kind,sigma_factor,sigma,shell_thickness,inner_radius,outer_radius
5.28365,6.17305,8.98235,17.47265,2.250635309925655,1458000,ball,0.5,,0.2,,
5.48855,8.98235,6.89345,2.39155,0.8326557240965171,1458000,gaussian,0.5,0.41632786204825856,0.2,,
0.60085,6.89345,8.11315,3.58185,1.019012324694374,1458000,gaussian,0.5,0.509506162347187,0.2,,
3.29295,8.11315,0.78505,7.9799500000000005,1.5209881291178438,1458000,gaussian,0.5,0.7604940645589219,0.2,,
3.79965,0.78505,3.90635,9.74865,1.6811171499752409,1458000,gaussian,0.5,0.8405585749876204,0.2,,
