x1,x2,weight,radius,rng_seed,kind,sigma_factor,sigma,shell_thickness,inner_radius,outer_radius
5.28365,6.17305,17.47265,1.6587415801936998,648000,gaussian,0.5,0.8293707900968499,0.2,,
5.48855,8.98235,2.39155,0.61367590984379,648000,gaussian,0.5,0.306837954921895,0.2,,
0.60085,6.89345,3.58185,0.7510226584671492,648000,ball,0.5,,0.2,,
3.29295,8.11315,7.9799500000000005,1.1209840357619427,648000,ball,0.5,,0.2,,
3.79965,0.78505,9.74865,1.2390007859304286,648000,shell,0.5,,0.2,0.9912006287443429,1.2390007859304286
