x1,x2,x3,weight,radius,rng_seed,kind,sigma_factor,sigma,shell_thickness,inner_radius,outer_radius
1.05673,1.23461,7.79647,4.29453,1.5916503342669737,18000,ball,0.5,,0.2,,
3.09771,7.79647,1.37869,1.27831,0.8683762509588822,18000,ball,0.5,,0.2,,
4.12017,1.37869,1.62263,3.51637,1.4402474913768135,18000,ball,0.5,,0.2,,
8.65859,1.62263,4.15701,2.3959900000000003,1.1888644613467148,18000,gaussian,0.5,0.5944322306733574,0.2,,
2.75993,4.15701,4.78127,8.74973,2.2718893212962983,18000,ball,0.5,,0.2,,
