x1,x2,x3,x4,x5,weight,radius,rng_seed,kind,sigma_factor,sigma,shell_thickness,inner_radius,outer_radius
4.22692,4.93844,1.18588,5.51476,6.49052,14.17812,2.2785703796599224,1953125,ball,0.5,,0.2,,
2.39084,1.18588,5.51476,6.49052,6.62804,2.1132400000000002,0.8796857052888898,1953125,gaussian,0.5,0.4398428526444449,0.2,,
6.48068,5.51476,6.49052,6.62804,9.12508,1.06548,0.6246342223275403,1953125,shell,0.5,,0.2,0.49970737786203223,0.6246342223275403
4.63436,6.49052,6.62804,9.12508,6.51316,6.58396,1.5527327580255952,1953125,ball,0.5,,0.2,,
1.03972,6.62804,9.12508,6.51316,0.72732,1.99892,0.8555607060679493,1953125,ball,0.5,,0.2,,
